[{"model": "contenttypes.contenttype", "pk": 1, "fields": {"app_label": "admin", "model": "logentry"}}, {"model": "contenttypes.contenttype", "pk": 2, "fields": {"app_label": "auth", "model": "permission"}}, {"model": "contenttypes.contenttype", "pk": 3, "fields": {"app_label": "auth", "model": "group"}}, {"model": "contenttypes.contenttype", "pk": 4, "fields": {"app_label": "auth", "model": "user"}}, {"model": "contenttypes.contenttype", "pk": 5, "fields": {"app_label": "contenttypes", "model": "contenttype"}}, {"model": "contenttypes.contenttype", "pk": 6, "fields": {"app_label": "sessions", "model": "session"}}, {"model": "contenttypes.contenttype", "pk": 7, "fields": {"app_label": "blog", "model": "blogtype"}}, {"model": "contenttypes.contenttype", "pk": 8, "fields": {"app_label": "blog", "model": "blog"}}, {"model": "contenttypes.contenttype", "pk": 9, "fields": {"app_label": "blog", "model": "readnum"}}, {"model": "contenttypes.contenttype", "pk": 10, "fields": {"app_label": "read_statistics", "model": "readnum"}}, {"model": "contenttypes.contenttype", "pk": 11, "fields": {"app_label": "read_statistics", "model": "readdetail"}}, {"model": "contenttypes.contenttype", "pk": 12, "fields": {"app_label": "comment", "model": "comment"}}, {"model": "contenttypes.contenttype", "pk": 13, "fields": {"app_label": "likes", "model": "likecount"}}, {"model": "contenttypes.contenttype", "pk": 14, "fields": {"app_label": "likes", "model": "likerecord"}}, {"model": "contenttypes.contenttype", "pk": 15, "fields": {"app_label": "user", "model": "profile"}}, {"model": "sessions.session", "pk": "1fgd4qit5nbh31uilryj00iu94br5ly3", "fields": {"session_data": "YmIyMjgzZmJhYzE3MzdlMjgxYTgxZTQ3Y2E4MDFhZWQ2ZWI0N2Q1Nzp7Il9hdXRoX3VzZXJfaWQiOiIxIiwiX2F1dGhfdXNlcl9iYWNrZW5kIjoiZGphbmdvLmNvbnRyaWIuYXV0aC5iYWNrZW5kcy5Nb2RlbEJhY2tlbmQiLCJfYXV0aF91c2VyX2hhc2giOiIwMDczYjZkNzUyNjhiMTZiNjJiMzMxZDRhOGU1ZWYxNTMwMWI3ZGQ4In0=", "expire_date": "2018-04-29T08:07:55.756Z"}}, {"model": "sessions.session", "pk": "1oafcn2w4mtkllo5hwo0fysdjwfq03z6", "fields": {"session_data": "YmIyMjgzZmJhYzE3MzdlMjgxYTgxZTQ3Y2E4MDFhZWQ2ZWI0N2Q1Nzp7Il9hdXRoX3VzZXJfaWQiOiIxIiwiX2F1dGhfdXNlcl9iYWNrZW5kIjoiZGphbmdvLmNvbnRyaWIuYXV0aC5iYWNrZW5kcy5Nb2RlbEJhY2tlbmQiLCJfYXV0aF91c2VyX2hhc2giOiIwMDczYjZkNzUyNjhiMTZiNjJiMzMxZDRhOGU1ZWYxNTMwMWI3ZGQ4In0=", "expire_date": "2018-06-02T06:38:19.711Z"}}, {"model": "sessions.session", "pk": "2f49h69zdlpg4s0zaib0pus0rebl1ucy", "fields": {"session_data": "YmIyMjgzZmJhYzE3MzdlMjgxYTgxZTQ3Y2E4MDFhZWQ2ZWI0N2Q1Nzp7Il9hdXRoX3VzZXJfaWQiOiIxIiwiX2F1dGhfdXNlcl9iYWNrZW5kIjoiZGphbmdvLmNvbnRyaWIuYXV0aC5iYWNrZW5kcy5Nb2RlbEJhY2tlbmQiLCJfYXV0aF91c2VyX2hhc2giOiIwMDczYjZkNzUyNjhiMTZiNjJiMzMxZDRhOGU1ZWYxNTMwMWI3ZGQ4In0=", "expire_date": "2018-07-12T15:13:48.195Z"}}, {"model": "sessions.session", "pk": "2uvwkxtofjg880s4ybedm9wh1dsvr665", "fields": {"session_data": "YWE1NWZkNDY0YzRmYjdlMWI4MDY0OWIxNjUzYWRkZmQzZWJkNThhMjp7Il9hdXRoX3VzZXJfaWQiOiI2IiwiX2F1dGhfdXNlcl9iYWNrZW5kIjoiZGphbmdvLmNvbnRyaWIuYXV0aC5iYWNrZW5kcy5Nb2RlbEJhY2tlbmQiLCJfYXV0aF91c2VyX2hhc2giOiJkMTM0MTQyNzM3MmM3NmQwZmE0MzEwMjcyYmFlNDVkZDNjMTEwZjJiIn0=", "expire_date": "2018-06-30T06:12:39.983Z"}}, {"model": "sessions.session", "pk": "46czrz9k4qxm6hc5lmcegikqgaqm5lph", "fields": {"session_data": "YmIyMjgzZmJhYzE3MzdlMjgxYTgxZTQ3Y2E4MDFhZWQ2ZWI0N2Q1Nzp7Il9hdXRoX3VzZXJfaWQiOiIxIiwiX2F1dGhfdXNlcl9iYWNrZW5kIjoiZGphbmdvLmNvbnRyaWIuYXV0aC5iYWNrZW5kcy5Nb2RlbEJhY2tlbmQiLCJfYXV0aF91c2VyX2hhc2giOiIwMDczYjZkNzUyNjhiMTZiNjJiMzMxZDRhOGU1ZWYxNTMwMWI3ZGQ4In0=", "expire_date": "2018-02-19T16:09:47.673Z"}}, {"model": "sessions.session", "pk": "7pxztnedtirzigi6xf26byn9utelysho", "fields": {"session_data": "YmIyMjgzZmJhYzE3MzdlMjgxYTgxZTQ3Y2E4MDFhZWQ2ZWI0N2Q1Nzp7Il9hdXRoX3VzZXJfaWQiOiIxIiwiX2F1dGhfdXNlcl9iYWNrZW5kIjoiZGphbmdvLmNvbnRyaWIuYXV0aC5iYWNrZW5kcy5Nb2RlbEJhY2tlbmQiLCJfYXV0aF91c2VyX2hhc2giOiIwMDczYjZkNzUyNjhiMTZiNjJiMzMxZDRhOGU1ZWYxNTMwMWI3ZGQ4In0=", "expire_date": "2018-05-06T03:55:04.636Z"}}, {"model": "sessions.session", "pk": "9gmywkdde6k697hfj0m52t43jyj38q6h", "fields": {"session_data": "YmIyMjgzZmJhYzE3MzdlMjgxYTgxZTQ3Y2E4MDFhZWQ2ZWI0N2Q1Nzp7Il9hdXRoX3VzZXJfaWQiOiIxIiwiX2F1dGhfdXNlcl9iYWNrZW5kIjoiZGphbmdvLmNvbnRyaWIuYXV0aC5iYWNrZW5kcy5Nb2RlbEJhY2tlbmQiLCJfYXV0aF91c2VyX2hhc2giOiIwMDczYjZkNzUyNjhiMTZiNjJiMzMxZDRhOGU1ZWYxNTMwMWI3ZGQ4In0=", "expire_date": "2018-05-13T07:27:45.599Z"}}, {"model": "sessions.session", "pk": "as75gabtffw17c5vyqh0k092eoij6978", "fields": {"session_data": "ZTVhNjhlZWE2OWI4YTc5MzM5ODA1OGYzZWNkMDNkMmZlOWQxOTFhNjp7Il9hdXRoX3VzZXJfaWQiOiIxIiwiX2F1dGhfdXNlcl9iYWNrZW5kIjoiZGphbmdvLmNvbnRyaWIuYXV0aC5iYWNrZW5kcy5Nb2RlbEJhY2tlbmQiLCJfYXV0aF91c2VyX2hhc2giOiIwMDczYjZkNzUyNjhiMTZiNjJiMzMxZDRhOGU1ZWYxNTMwMWI3ZGQ4IiwicmVnaXN0ZXJfY29kZSI6IkdnT0wiLCJzZW5kX2NvZGVfdGltZSI6MTUyOTEyMzc2OH0=", "expire_date": "2018-06-30T04:36:10.085Z"}}, {"model": "sessions.session", "pk": "fq7wh45wkn93bwsxl4saym912f83hdt9", "fields": {"session_data": "YmIyMjgzZmJhYzE3MzdlMjgxYTgxZTQ3Y2E4MDFhZWQ2ZWI0N2Q1Nzp7Il9hdXRoX3VzZXJfaWQiOiIxIiwiX2F1dGhfdXNlcl9iYWNrZW5kIjoiZGphbmdvLmNvbnRyaWIuYXV0aC5iYWNrZW5kcy5Nb2RlbEJhY2tlbmQiLCJfYXV0aF91c2VyX2hhc2giOiIwMDczYjZkNzUyNjhiMTZiNjJiMzMxZDRhOGU1ZWYxNTMwMWI3ZGQ4In0=", "expire_date": "2018-05-05T07:15:08.952Z"}}, {"model": "sessions.session", "pk": "fs4omcuxv2d06ava5g5uysb0ixtv82wr", "fields": {"session_data": "YmIyMjgzZmJhYzE3MzdlMjgxYTgxZTQ3Y2E4MDFhZWQ2ZWI0N2Q1Nzp7Il9hdXRoX3VzZXJfaWQiOiIxIiwiX2F1dGhfdXNlcl9iYWNrZW5kIjoiZGphbmdvLmNvbnRyaWIuYXV0aC5iYWNrZW5kcy5Nb2RlbEJhY2tlbmQiLCJfYXV0aF91c2VyX2hhc2giOiIwMDczYjZkNzUyNjhiMTZiNjJiMzMxZDRhOGU1ZWYxNTMwMWI3ZGQ4In0=", "expire_date": "2018-04-29T08:44:27.607Z"}}, {"model": "sessions.session", "pk": "hlgwtwrmhk0ejry2h94hkmbr6sj3fa3d", "fields": {"session_data": "YmIyMjgzZmJhYzE3MzdlMjgxYTgxZTQ3Y2E4MDFhZWQ2ZWI0N2Q1Nzp7Il9hdXRoX3VzZXJfaWQiOiIxIiwiX2F1dGhfdXNlcl9iYWNrZW5kIjoiZGphbmdvLmNvbnRyaWIuYXV0aC5iYWNrZW5kcy5Nb2RlbEJhY2tlbmQiLCJfYXV0aF91c2VyX2hhc2giOiIwMDczYjZkNzUyNjhiMTZiNjJiMzMxZDRhOGU1ZWYxNTMwMWI3ZGQ4In0=", "expire_date": "2018-04-19T08:49:03.054Z"}}, {"model": "sessions.session", "pk": "hmvizbmircv7wtl88a8d9ooa7l1uzed5", "fields": {"session_data": "YmIyMjgzZmJhYzE3MzdlMjgxYTgxZTQ3Y2E4MDFhZWQ2ZWI0N2Q1Nzp7Il9hdXRoX3VzZXJfaWQiOiIxIiwiX2F1dGhfdXNlcl9iYWNrZW5kIjoiZGphbmdvLmNvbnRyaWIuYXV0aC5iYWNrZW5kcy5Nb2RlbEJhY2tlbmQiLCJfYXV0aF91c2VyX2hhc2giOiIwMDczYjZkNzUyNjhiMTZiNjJiMzMxZDRhOGU1ZWYxNTMwMWI3ZGQ4In0=", "expire_date": "2018-05-13T08:30:38.730Z"}}, {"model": "sessions.session", "pk": "hz0jy6hvkxn2k4wuu489kzc2dn196mk6", "fields": {"session_data": "NzE4NDllMDMxYWRlNjM1ZTFlYTdmZDI2ZGNlODY2ODU4N2JjMTI0MTp7Il9hdXRoX3VzZXJfaWQiOiIxIiwiX2F1dGhfdXNlcl9iYWNrZW5kIjoiZGphbmdvLmNvbnRyaWIuYXV0aC5iYWNrZW5kcy5Nb2RlbEJhY2tlbmQiLCJfYXV0aF91c2VyX2hhc2giOiIwMDczYjZkNzUyNjhiMTZiNjJiMzMxZDRhOGU1ZWYxNTMwMWI3ZGQ4IiwiYmluZF9lbWFpbF9jb2RlIjoiMkVCbiJ9", "expire_date": "2018-06-16T07:37:35.649Z"}}, {"model": "sessions.session", "pk": "i4wvvqkrdd89v1h6l3sgrwwapw3jj0uv", "fields": {"session_data": "YmIyMjgzZmJhYzE3MzdlMjgxYTgxZTQ3Y2E4MDFhZWQ2ZWI0N2Q1Nzp7Il9hdXRoX3VzZXJfaWQiOiIxIiwiX2F1dGhfdXNlcl9iYWNrZW5kIjoiZGphbmdvLmNvbnRyaWIuYXV0aC5iYWNrZW5kcy5Nb2RlbEJhY2tlbmQiLCJfYXV0aF91c2VyX2hhc2giOiIwMDczYjZkNzUyNjhiMTZiNjJiMzMxZDRhOGU1ZWYxNTMwMWI3ZGQ4In0=", "expire_date": "2018-06-14T15:32:04.355Z"}}, {"model": "sessions.session", "pk": "k5dvvjroipgma8yqym0kbpxiltwzh4p8", "fields": {"session_data": "YmIyMjgzZmJhYzE3MzdlMjgxYTgxZTQ3Y2E4MDFhZWQ2ZWI0N2Q1Nzp7Il9hdXRoX3VzZXJfaWQiOiIxIiwiX2F1dGhfdXNlcl9iYWNrZW5kIjoiZGphbmdvLmNvbnRyaWIuYXV0aC5iYWNrZW5kcy5Nb2RlbEJhY2tlbmQiLCJfYXV0aF91c2VyX2hhc2giOiIwMDczYjZkNzUyNjhiMTZiNjJiMzMxZDRhOGU1ZWYxNTMwMWI3ZGQ4In0=", "expire_date": "2018-03-20T15:54:54.833Z"}}, {"model": "sessions.session", "pk": "l5ppaxd85jl8nsr694j7tvczmiwgyc0e", "fields": {"session_data": "NzQ4MzczYmJiMGIyMTc4M2Y5ZmU5ODk0YmI5MDM2MzEyYjIwNjk5OTp7Il9hdXRoX3VzZXJfaWQiOiIxIiwiX2F1dGhfdXNlcl9iYWNrZW5kIjoiZGphbmdvLmNvbnRyaWIuYXV0aC5iYWNrZW5kcy5Nb2RlbEJhY2tlbmQiLCJfYXV0aF91c2VyX2hhc2giOiIwMDczYjZkNzUyNjhiMTZiNjJiMzMxZDRhOGU1ZWYxNTMwMWI3ZGQ4IiwiYmluZF9lbWFpbF9jb2RlIjoiRUFuUiJ9", "expire_date": "2018-06-16T08:03:11.807Z"}}, {"model": "sessions.session", "pk": "n85bh8enak0lo6vg8trtjuvqw2djkm5t", "fields": {"session_data": "YmIyMjgzZmJhYzE3MzdlMjgxYTgxZTQ3Y2E4MDFhZWQ2ZWI0N2Q1Nzp7Il9hdXRoX3VzZXJfaWQiOiIxIiwiX2F1dGhfdXNlcl9iYWNrZW5kIjoiZGphbmdvLmNvbnRyaWIuYXV0aC5iYWNrZW5kcy5Nb2RlbEJhY2tlbmQiLCJfYXV0aF91c2VyX2hhc2giOiIwMDczYjZkNzUyNjhiMTZiNjJiMzMxZDRhOGU1ZWYxNTMwMWI3ZGQ4In0=", "expire_date": "2018-05-05T06:01:32.675Z"}}, {"model": "sessions.session", "pk": "nfpy6ewfbnen8i4gc9b26gy8096wbs4u", "fields": {"session_data": "YmIyMjgzZmJhYzE3MzdlMjgxYTgxZTQ3Y2E4MDFhZWQ2ZWI0N2Q1Nzp7Il9hdXRoX3VzZXJfaWQiOiIxIiwiX2F1dGhfdXNlcl9iYWNrZW5kIjoiZGphbmdvLmNvbnRyaWIuYXV0aC5iYWNrZW5kcy5Nb2RlbEJhY2tlbmQiLCJfYXV0aF91c2VyX2hhc2giOiIwMDczYjZkNzUyNjhiMTZiNjJiMzMxZDRhOGU1ZWYxNTMwMWI3ZGQ4In0=", "expire_date": "2018-05-13T08:11:22.677Z"}}, {"model": "sessions.session", "pk": "o3ucytstrc4s9ox4xdac4ndwy0i8thh3", "fields": {"session_data": "YmIyMjgzZmJhYzE3MzdlMjgxYTgxZTQ3Y2E4MDFhZWQ2ZWI0N2Q1Nzp7Il9hdXRoX3VzZXJfaWQiOiIxIiwiX2F1dGhfdXNlcl9iYWNrZW5kIjoiZGphbmdvLmNvbnRyaWIuYXV0aC5iYWNrZW5kcy5Nb2RlbEJhY2tlbmQiLCJfYXV0aF91c2VyX2hhc2giOiIwMDczYjZkNzUyNjhiMTZiNjJiMzMxZDRhOGU1ZWYxNTMwMWI3ZGQ4In0=", "expire_date": "2018-05-03T13:29:18.269Z"}}, {"model": "sessions.session", "pk": "o5v39ohuwfwp1qlh6i1fgcq79r7qtw8h", "fields": {"session_data": "ODA5NGQwYTU3MTIzODQxYjQxODdhZjdmM2IxNmZhNzVmMDE0MjU3NDp7Il9hdXRoX3VzZXJfaWQiOiIxIiwiX2F1dGhfdXNlcl9iYWNrZW5kIjoiZGphbmdvLmNvbnRyaWIuYXV0aC5iYWNrZW5kcy5Nb2RlbEJhY2tlbmQiLCJfYXV0aF91c2VyX2hhc2giOiIwMDczYjZkNzUyNjhiMTZiNjJiMzMxZDRhOGU1ZWYxNTMwMWI3ZGQ4IiwiYmluZF9lbWFpbF9jb2RlIjoiMEZmMSJ9", "expire_date": "2018-06-16T08:35:49.602Z"}}, {"model": "sessions.session", "pk": "oyy8nc0ja4mglgal27hy4tc84g70oibh", "fields": {"session_data": "YmIyMjgzZmJhYzE3MzdlMjgxYTgxZTQ3Y2E4MDFhZWQ2ZWI0N2Q1Nzp7Il9hdXRoX3VzZXJfaWQiOiIxIiwiX2F1dGhfdXNlcl9iYWNrZW5kIjoiZGphbmdvLmNvbnRyaWIuYXV0aC5iYWNrZW5kcy5Nb2RlbEJhY2tlbmQiLCJfYXV0aF91c2VyX2hhc2giOiIwMDczYjZkNzUyNjhiMTZiNjJiMzMxZDRhOGU1ZWYxNTMwMWI3ZGQ4In0=", "expire_date": "2018-04-29T06:12:52.788Z"}}, {"model": "sessions.session", "pk": "qgrz4fy720lx96k0eg6vehe007vyqef1", "fields": {"session_data": "YmIyMjgzZmJhYzE3MzdlMjgxYTgxZTQ3Y2E4MDFhZWQ2ZWI0N2Q1Nzp7Il9hdXRoX3VzZXJfaWQiOiIxIiwiX2F1dGhfdXNlcl9iYWNrZW5kIjoiZGphbmdvLmNvbnRyaWIuYXV0aC5iYWNrZW5kcy5Nb2RlbEJhY2tlbmQiLCJfYXV0aF91c2VyX2hhc2giOiIwMDczYjZkNzUyNjhiMTZiNjJiMzMxZDRhOGU1ZWYxNTMwMWI3ZGQ4In0=", "expire_date": "2018-04-29T08:01:04.934Z"}}, {"model": "sessions.session", "pk": "qrrx35d46poov96r0w4iobvb6fxd7xq6", "fields": {"session_data": "YmIyMjgzZmJhYzE3MzdlMjgxYTgxZTQ3Y2E4MDFhZWQ2ZWI0N2Q1Nzp7Il9hdXRoX3VzZXJfaWQiOiIxIiwiX2F1dGhfdXNlcl9iYWNrZW5kIjoiZGphbmdvLmNvbnRyaWIuYXV0aC5iYWNrZW5kcy5Nb2RlbEJhY2tlbmQiLCJfYXV0aF91c2VyX2hhc2giOiIwMDczYjZkNzUyNjhiMTZiNjJiMzMxZDRhOGU1ZWYxNTMwMWI3ZGQ4In0=", "expire_date": "2018-04-20T05:24:06.656Z"}}, {"model": "sessions.session", "pk": "tame2k1r2cpi70rz3109a9zvs94ptben", "fields": {"session_data": "ZDhmMTcyOWI0MGNlODUxODY1NjdiZjYzOTllNjNhMzkyNTc4NWY3MTp7InNlbmRfY29kZV90aW1lIjoxNTI5MTM1NDMzLCJfYXV0aF91c2VyX2lkIjoiNiIsIl9hdXRoX3VzZXJfYmFja2VuZCI6ImRqYW5nby5jb250cmliLmF1dGguYmFja2VuZHMuTW9kZWxCYWNrZW5kIiwiX2F1dGhfdXNlcl9oYXNoIjoiODA0ZTdiMmM4NWY2MTFmNDExZGJiZTYyZmFjYTBkYTQxZmI4ZjM3YyJ9", "expire_date": "2018-06-30T07:52:22.507Z"}}, {"model": "sessions.session", "pk": "tyulbdg5gq5ho6ekto85lg86kdvk5jgj", "fields": {"session_data": "YmIyMjgzZmJhYzE3MzdlMjgxYTgxZTQ3Y2E4MDFhZWQ2ZWI0N2Q1Nzp7Il9hdXRoX3VzZXJfaWQiOiIxIiwiX2F1dGhfdXNlcl9iYWNrZW5kIjoiZGphbmdvLmNvbnRyaWIuYXV0aC5iYWNrZW5kcy5Nb2RlbEJhY2tlbmQiLCJfYXV0aF91c2VyX2hhc2giOiIwMDczYjZkNzUyNjhiMTZiNjJiMzMxZDRhOGU1ZWYxNTMwMWI3ZGQ4In0=", "expire_date": "2018-05-03T15:01:28.833Z"}}, {"model": "sessions.session", "pk": "vt15lwygp0m7f31jaemt3nrgla85n4ue", "fields": {"session_data": "ODJlMDQyNTU2ZmIzYzJhOWM3YzI4YmE3MzRjMGU5MGI3MDI5YWI5Yjp7Il9hdXRoX3VzZXJfaWQiOiIxIiwiX2F1dGhfdXNlcl9iYWNrZW5kIjoiZGphbmdvLmNvbnRyaWIuYXV0aC5iYWNrZW5kcy5Nb2RlbEJhY2tlbmQiLCJfYXV0aF91c2VyX2hhc2giOiIwMDczYjZkNzUyNjhiMTZiNjJiMzMxZDRhOGU1ZWYxNTMwMWI3ZGQ4IiwiYmluZF9lbWFpbF9jb2RlIjoiSzlnZSJ9", "expire_date": "2018-06-16T12:49:43.244Z"}}, {"model": "sessions.session", "pk": "vvs1xg3r0j1791b11kujcsttx7s2l0dh", "fields": {"session_data": "YmIyMjgzZmJhYzE3MzdlMjgxYTgxZTQ3Y2E4MDFhZWQ2ZWI0N2Q1Nzp7Il9hdXRoX3VzZXJfaWQiOiIxIiwiX2F1dGhfdXNlcl9iYWNrZW5kIjoiZGphbmdvLmNvbnRyaWIuYXV0aC5iYWNrZW5kcy5Nb2RlbEJhY2tlbmQiLCJfYXV0aF91c2VyX2hhc2giOiIwMDczYjZkNzUyNjhiMTZiNjJiMzMxZDRhOGU1ZWYxNTMwMWI3ZGQ4In0=", "expire_date": "2018-07-22T20:55:53.690Z"}}, {"model": "sessions.session", "pk": "xh8z3y5ng4z1gdatmgbt1b5rvmh7vjlg", "fields": {"session_data": "YmIyMjgzZmJhYzE3MzdlMjgxYTgxZTQ3Y2E4MDFhZWQ2ZWI0N2Q1Nzp7Il9hdXRoX3VzZXJfaWQiOiIxIiwiX2F1dGhfdXNlcl9iYWNrZW5kIjoiZGphbmdvLmNvbnRyaWIuYXV0aC5iYWNrZW5kcy5Nb2RlbEJhY2tlbmQiLCJfYXV0aF91c2VyX2hhc2giOiIwMDczYjZkNzUyNjhiMTZiNjJiMzMxZDRhOGU1ZWYxNTMwMWI3ZGQ4In0=", "expire_date": "2018-05-06T03:56:35.117Z"}}, {"model": "sessions.session", "pk": "y8etpkx6dqvxv3iu6y0vsmp59jeth3vp", "fields": {"session_data": "YmIyMjgzZmJhYzE3MzdlMjgxYTgxZTQ3Y2E4MDFhZWQ2ZWI0N2Q1Nzp7Il9hdXRoX3VzZXJfaWQiOiIxIiwiX2F1dGhfdXNlcl9iYWNrZW5kIjoiZGphbmdvLmNvbnRyaWIuYXV0aC5iYWNrZW5kcy5Nb2RlbEJhY2tlbmQiLCJfYXV0aF91c2VyX2hhc2giOiIwMDczYjZkNzUyNjhiMTZiNjJiMzMxZDRhOGU1ZWYxNTMwMWI3ZGQ4In0=", "expire_date": "2018-05-06T02:35:45.130Z"}}, {"model": "sessions.session", "pk": "yvv7hpdp7ripefmdg5ijl60h5oo347yd", "fields": {"session_data": "YmIyMjgzZmJhYzE3MzdlMjgxYTgxZTQ3Y2E4MDFhZWQ2ZWI0N2Q1Nzp7Il9hdXRoX3VzZXJfaWQiOiIxIiwiX2F1dGhfdXNlcl9iYWNrZW5kIjoiZGphbmdvLmNvbnRyaWIuYXV0aC5iYWNrZW5kcy5Nb2RlbEJhY2tlbmQiLCJfYXV0aF91c2VyX2hhc2giOiIwMDczYjZkNzUyNjhiMTZiNjJiMzMxZDRhOGU1ZWYxNTMwMWI3ZGQ4In0=", "expire_date": "2018-04-09T14:53:34.350Z"}}, {"model": "blog.blogtype", "pk": 1, "fields": {"type_name": "Django"}}, {"model": "blog.blogtype", "pk": 2, "fields": {"type_name": "\u968f\u7b14"}}, {"model": "blog.blogtype", "pk": 3, "fields": {"type_name": "\u611f\u609f"}}, {"model": "read_statistics.readnum", "pk": 1, "fields": {"read_num": 42, "content_type": 8, "object_id": 36}}, {"model": "read_statistics.readnum", "pk": 2, "fields": {"read_num": 8, "content_type": 8, "object_id": 34}}, {"model": "read_statistics.readnum", "pk": 3, "fields": {"read_num": 2, "content_type": 8, "object_id": 33}}, {"model": "read_statistics.readnum", "pk": 4, "fields": {"read_num": 2, "content_type": 8, "object_id": 32}}, {"model": "read_statistics.readnum", "pk": 5, "fields": {"read_num": 3, "content_type": 8, "object_id": 31}}, {"model": "read_statistics.readnum", "pk": 6, "fields": {"read_num": 15, "content_type": 8, "object_id": 35}}, {"model": "read_statistics.readnum", "pk": 7, "fields": {"read_num": 1, "content_type": 8, "object_id": 30}}, {"model": "read_statistics.readnum", "pk": 8, "fields": {"read_num": 1, "content_type": 8, "object_id": 29}}, {"model": "read_statistics.readnum", "pk": 9, "fields": {"read_num": 1, "content_type": 8, "object_id": 28}}, {"model": "read_statistics.readnum", "pk": 10, "fields": {"read_num": 1, "content_type": 8, "object_id": 27}}, {"model": "read_statistics.readnum", "pk": 11, "fields": {"read_num": 1, "content_type": 8, "object_id": 26}}, {"model": "read_statistics.readnum", "pk": 12, "fields": {"read_num": 1, "content_type": 8, "object_id": 25}}, {"model": "read_statistics.readdetail", "pk": 1, "fields": {"date": "2018-03-25", "read_num": 5, "content_type": 8, "object_id": 36}}, {"model": "read_statistics.readdetail", "pk": 2, "fields": {"date": "2018-03-26", "read_num": 1, "content_type": 8, "object_id": 31}}, {"model": "read_statistics.readdetail", "pk": 3, "fields": {"date": "2018-03-26", "read_num": 1, "content_type": 8, "object_id": 35}}, {"model": "read_statistics.readdetail", "pk": 4, "fields": {"date": "2018-03-27", "read_num": 1, "content_type": 8, "object_id": 36}}, {"model": "read_statistics.readdetail", "pk": 5, "fields": {"date": "2018-03-27", "read_num": 1, "content_type": 8, "object_id": 35}}, {"model": "read_statistics.readdetail", "pk": 6, "fields": {"date": "2018-03-31", "read_num": 1, "content_type": 8, "object_id": 36}}, {"model": "read_statistics.readdetail", "pk": 7, "fields": {"date": "2018-04-01", "read_num": 1, "content_type": 8, "object_id": 34}}, {"model": "read_statistics.readdetail", "pk": 8, "fields": {"date": "2018-04-05", "read_num": 1, "content_type": 8, "object_id": 36}}, {"model": "read_statistics.readdetail", "pk": 9, "fields": {"date": "2018-04-05", "read_num": 1, "content_type": 8, "object_id": 35}}, {"model": "read_statistics.readdetail", "pk": 10, "fields": {"date": "2018-04-06", "read_num": 1, "content_type": 8, "object_id": 36}}, {"model": "read_statistics.readdetail", "pk": 11, "fields": {"date": "2018-04-06", "read_num": 1, "content_type": 8, "object_id": 35}}, {"model": "read_statistics.readdetail", "pk": 12, "fields": {"date": "2018-04-06", "read_num": 1, "content_type": 8, "object_id": 34}}, {"model": "read_statistics.readdetail", "pk": 13, "fields": {"date": "2018-04-07", "read_num": 1, "content_type": 8, "object_id": 36}}, {"model": "read_statistics.readdetail", "pk": 14, "fields": {"date": "2018-04-07", "read_num": 1, "content_type": 8, "object_id": 35}}, {"model": "read_statistics.readdetail", "pk": 15, "fields": {"date": "2018-04-07", "read_num": 1, "content_type": 8, "object_id": 34}}, {"model": "read_statistics.readdetail", "pk": 16, "fields": {"date": "2018-04-07", "read_num": 1, "content_type": 8, "object_id": 33}}, {"model": "read_statistics.readdetail", "pk": 17, "fields": {"date": "2018-04-07", "read_num": 1, "content_type": 8, "object_id": 32}}, {"model": "read_statistics.readdetail", "pk": 18, "fields": {"date": "2018-04-07", "read_num": 1, "content_type": 8, "object_id": 31}}, {"model": "read_statistics.readdetail", "pk": 19, "fields": {"date": "2018-04-07", "read_num": 1, "content_type": 8, "object_id": 30}}, {"model": "read_statistics.readdetail", "pk": 20, "fields": {"date": "2018-04-07", "read_num": 1, "content_type": 8, "object_id": 29}}, {"model": "read_statistics.readdetail", "pk": 21, "fields": {"date": "2018-04-07", "read_num": 1, "content_type": 8, "object_id": 28}}, {"model": "read_statistics.readdetail", "pk": 22, "fields": {"date": "2018-04-07", "read_num": 1, "content_type": 8, "object_id": 27}}, {"model": "read_statistics.readdetail", "pk": 23, "fields": {"date": "2018-04-07", "read_num": 1, "content_type": 8, "object_id": 26}}, {"model": "read_statistics.readdetail", "pk": 24, "fields": {"date": "2018-04-07", "read_num": 1, "content_type": 8, "object_id": 25}}, {"model": "read_statistics.readdetail", "pk": 25, "fields": {"date": "2018-04-15", "read_num": 6, "content_type": 8, "object_id": 36}}, {"model": "read_statistics.readdetail", "pk": 26, "fields": {"date": "2018-04-19", "read_num": 6, "content_type": 8, "object_id": 36}}, {"model": "read_statistics.readdetail", "pk": 27, "fields": {"date": "2018-04-19", "read_num": 1, "content_type": 8, "object_id": 35}}, {"model": "read_statistics.readdetail", "pk": 28, "fields": {"date": "2018-04-21", "read_num": 2, "content_type": 8, "object_id": 36}}, {"model": "read_statistics.readdetail", "pk": 29, "fields": {"date": "2018-04-22", "read_num": 1, "content_type": 8, "object_id": 36}}, {"model": "read_statistics.readdetail", "pk": 30, "fields": {"date": "2018-04-22", "read_num": 1, "content_type": 8, "object_id": 35}}, {"model": "read_statistics.readdetail", "pk": 31, "fields": {"date": "2018-04-22", "read_num": 3, "content_type": 8, "object_id": 34}}, {"model": "read_statistics.readdetail", "pk": 32, "fields": {"date": "2018-04-29", "read_num": 4, "content_type": 8, "object_id": 36}}, {"model": "read_statistics.readdetail", "pk": 33, "fields": {"date": "2018-04-29", "read_num": 1, "content_type": 8, "object_id": 35}}, {"model": "read_statistics.readdetail", "pk": 34, "fields": {"date": "2018-04-29", "read_num": 1, "content_type": 8, "object_id": 34}}, {"model": "read_statistics.readdetail", "pk": 35, "fields": {"date": "2018-05-19", "read_num": 4, "content_type": 8, "object_id": 36}}, {"model": "read_statistics.readdetail", "pk": 36, "fields": {"date": "2018-05-19", "read_num": 5, "content_type": 8, "object_id": 35}}, {"model": "read_statistics.readdetail", "pk": 37, "fields": {"date": "2018-05-26", "read_num": 1, "content_type": 8, "object_id": 36}}, {"model": "read_statistics.readdetail", "pk": 38, "fields": {"date": "2018-06-02", "read_num": 1, "content_type": 8, "object_id": 36}}, {"model": "read_statistics.readdetail", "pk": 39, "fields": {"date": "2018-06-02", "read_num": 1, "content_type": 8, "object_id": 35}}, {"model": "read_statistics.readdetail", "pk": 40, "fields": {"date": "2018-06-28", "read_num": 1, "content_type": 8, "object_id": 36}}, {"model": "read_statistics.readdetail", "pk": 41, "fields": {"date": "2018-07-08", "read_num": 1, "content_type": 8, "object_id": 36}}, {"model": "read_statistics.readdetail", "pk": 42, "fields": {"date": "2018-07-08", "read_num": 1, "content_type": 8, "object_id": 35}}, {"model": "likes.likecount", "pk": 1, "fields": {"content_type": 8, "object_id": 36, "liked_num": 1}}, {"model": "likes.likecount", "pk": 2, "fields": {"content_type": 8, "object_id": 35, "liked_num": 1}}, {"model": "likes.likecount", "pk": 3, "fields": {"content_type": 8, "object_id": 34, "liked_num": 1}}, {"model": "likes.likecount", "pk": 4, "fields": {"content_type": 8, "object_id": 33, "liked_num": 0}}, {"model": "likes.likecount", "pk": 5, "fields": {"content_type": 8, "object_id": 32, "liked_num": 0}}, {"model": "likes.likecount", "pk": 6, "fields": {"content_type": 8, "object_id": 31, "liked_num": 0}}, {"model": "likes.likecount", "pk": 7, "fields": {"content_type": 12, "object_id": 26, "liked_num": 0}}, {"model": "likes.likecount", "pk": 8, "fields": {"content_type": 12, "object_id": 28, "liked_num": 0}}, {"model": "likes.likecount", "pk": 9, "fields": {"content_type": 12, "object_id": 29, "liked_num": 1}}, {"model": "likes.likecount", "pk": 10, "fields": {"content_type": 12, "object_id": 25, "liked_num": 0}}, {"model": "likes.likecount", "pk": 11, "fields": {"content_type": 12, "object_id": 27, "liked_num": 0}}, {"model": "likes.likecount", "pk": 12, "fields": {"content_type": 12, "object_id": 24, "liked_num": 0}}, {"model": "likes.likecount", "pk": 13, "fields": {"content_type": 12, "object_id": 23, "liked_num": 0}}, {"model": "likes.likecount", "pk": 14, "fields": {"content_type": 12, "object_id": 21, "liked_num": 0}}, {"model": "likes.likecount", "pk": 15, "fields": {"content_type": 12, "object_id": 17, "liked_num": 0}}, {"model": "likes.likecount", "pk": 16, "fields": {"content_type": 12, "object_id": 16, "liked_num": 0}}, {"model": "likes.likecount", "pk": 17, "fields": {"content_type": 12, "object_id": 15, "liked_num": 0}}, {"model": "likes.likecount", "pk": 18, "fields": {"content_type": 12, "object_id": 14, "liked_num": 0}}, {"model": "likes.likecount", "pk": 19, "fields": {"content_type": 12, "object_id": 13, "liked_num": 0}}, {"model": "likes.likecount", "pk": 20, "fields": {"content_type": 12, "object_id": 12, "liked_num": 0}}, {"model": "likes.likecount", "pk": 21, "fields": {"content_type": 12, "object_id": 11, "liked_num": 0}}, {"model": "likes.likecount", "pk": 22, "fields": {"content_type": 12, "object_id": 10, "liked_num": 0}}, {"model": "likes.likecount", "pk": 23, "fields": {"content_type": 12, "object_id": 9, "liked_num": 0}}, {"model": "likes.likecount", "pk": 24, "fields": {"content_type": 12, "object_id": 8, "liked_num": 0}}, {"model": "likes.likecount", "pk": 25, "fields": {"content_type": 12, "object_id": 7, "liked_num": 0}}, {"model": "likes.likecount", "pk": 26, "fields": {"content_type": 12, "object_id": 6, "liked_num": 0}}, {"model": "likes.likecount", "pk": 27, "fields": {"content_type": 12, "object_id": 5, "liked_num": 0}}, {"model": "likes.likecount", "pk": 28, "fields": {"content_type": 12, "object_id": 4, "liked_num": 0}}, {"model": "likes.likecount", "pk": 29, "fields": {"content_type": 12, "object_id": 22, "liked_num": 0}}, {"model": "likes.likecount", "pk": 30, "fields": {"content_type": 12, "object_id": 2, "liked_num": 0}}, {"model": "likes.likecount", "pk": 31, "fields": {"content_type": 12, "object_id": 20, "liked_num": 0}}, {"model": "likes.likecount", "pk": 32, "fields": {"content_type": 12, "object_id": 1, "liked_num": 0}}, {"model": "likes.likecount", "pk": 33, "fields": {"content_type": 12, "object_id": 18, "liked_num": 0}}, {"model": "likes.likecount", "pk": 34, "fields": {"content_type": 12, "object_id": 19, "liked_num": 0}}, {"model": "likes.likecount", "pk": 35, "fields": {"content_type": 12, "object_id": 31, "liked_num": 1}}, {"model": "likes.likecount", "pk": 36, "fields": {"content_type": 12, "object_id": 32, "liked_num": 0}}, {"model": "likes.likecount", "pk": 37, "fields": {"content_type": 12, "object_id": 30, "liked_num": 0}}, {"model": "likes.likecount", "pk": 38, "fields": {"content_type": 12, "object_id": 33, "liked_num": 0}}, {"model": "likes.likecount", "pk": 39, "fields": {"content_type": 12, "object_id": 34, "liked_num": 0}}, {"model": "likes.likecount", "pk": 40, "fields": {"content_type": 12, "object_id": 3, "liked_num": 0}}, {"model": "likes.likecount", "pk": 41, "fields": {"content_type": 12, "object_id": 35, "liked_num": 0}}, {"model": "likes.likecount", "pk": 42, "fields": {"content_type": 12, "object_id": 36, "liked_num": 0}}, {"model": "likes.likecount", "pk": 43, "fields": {"content_type": 12, "object_id": 37, "liked_num": 0}}, {"model": "likes.likecount", "pk": 44, "fields": {"content_type": 12, "object_id": 38, "liked_num": 0}}, {"model": "likes.likecount", "pk": 45, "fields": {"content_type": 12, "object_id": 39, "liked_num": 0}}, {"model": "likes.likecount", "pk": 46, "fields": {"content_type": 12, "object_id": 40, "liked_num": 0}}, {"model": "likes.likecount", "pk": 47, "fields": {"content_type": 12, "object_id": 41, "liked_num": 0}}, {"model": "likes.likecount", "pk": 48, "fields": {"content_type": 12, "object_id": 42, "liked_num": 0}}, {"model": "likes.likecount", "pk": 49, "fields": {"content_type": 12, "object_id": 43, "liked_num": 0}}, {"model": "likes.likecount", "pk": 50, "fields": {"content_type": 12, "object_id": 47, "liked_num": 0}}, {"model": "likes.likecount", "pk": 51, "fields": {"content_type": 12, "object_id": 46, "liked_num": 0}}, {"model": "likes.likecount", "pk": 52, "fields": {"content_type": 12, "object_id": 45, "liked_num": 0}}, {"model": "likes.likecount", "pk": 53, "fields": {"content_type": 12, "object_id": 44, "liked_num": 0}}, {"model": "likes.likecount", "pk": 54, "fields": {"content_type": 12, "object_id": 48, "liked_num": 0}}, {"model": "likes.likecount", "pk": 55, "fields": {"content_type": 12, "object_id": 60, "liked_num": 0}}, {"model": "likes.likecount", "pk": 56, "fields": {"content_type": 12, "object_id": 59, "liked_num": 0}}, {"model": "likes.likecount", "pk": 57, "fields": {"content_type": 12, "object_id": 58, "liked_num": 0}}, {"model": "likes.likecount", "pk": 58, "fields": {"content_type": 12, "object_id": 57, "liked_num": 0}}, {"model": "likes.likecount", "pk": 59, "fields": {"content_type": 12, "object_id": 56, "liked_num": 0}}, {"model": "likes.likecount", "pk": 60, "fields": {"content_type": 12, "object_id": 55, "liked_num": 0}}, {"model": "likes.likecount", "pk": 61, "fields": {"content_type": 12, "object_id": 54, "liked_num": 0}}, {"model": "likes.likecount", "pk": 62, "fields": {"content_type": 12, "object_id": 53, "liked_num": 0}}, {"model": "likes.likecount", "pk": 63, "fields": {"content_type": 12, "object_id": 52, "liked_num": 0}}, {"model": "likes.likecount", "pk": 64, "fields": {"content_type": 12, "object_id": 51, "liked_num": 0}}, {"model": "likes.likecount", "pk": 65, "fields": {"content_type": 12, "object_id": 50, "liked_num": 0}}, {"model": "likes.likecount", "pk": 66, "fields": {"content_type": 12, "object_id": 49, "liked_num": 0}}, {"model": "likes.likecount", "pk": 67, "fields": {"content_type": 12, "object_id": 67, "liked_num": 0}}, {"model": "auth.permission", "pk": 1, "fields": {"name": "Can add log entry", "content_type": 1, "codename": "add_logentry"}}, {"model": "auth.permission", "pk": 2, "fields": {"name": "Can change log entry", "content_type": 1, "codename": "change_logentry"}}, {"model": "auth.permission", "pk": 3, "fields": {"name": "Can delete log entry", "content_type": 1, "codename": "delete_logentry"}}, {"model": "auth.permission", "pk": 4, "fields": {"name": "Can add permission", "content_type": 2, "codename": "add_permission"}}, {"model": "auth.permission", "pk": 5, "fields": {"name": "Can change permission", "content_type": 2, "codename": "change_permission"}}, {"model": "auth.permission", "pk": 6, "fields": {"name": "Can delete permission", "content_type": 2, "codename": "delete_permission"}}, {"model": "auth.permission", "pk": 7, "fields": {"name": "Can add group", "content_type": 3, "codename": "add_group"}}, {"model": "auth.permission", "pk": 8, "fields": {"name": "Can change group", "content_type": 3, "codename": "change_group"}}, {"model": "auth.permission", "pk": 9, "fields": {"name": "Can delete group", "content_type": 3, "codename": "delete_group"}}, {"model": "auth.permission", "pk": 10, "fields": {"name": "Can add user", "content_type": 4, "codename": "add_user"}}, {"model": "auth.permission", "pk": 11, "fields": {"name": "Can change user", "content_type": 4, "codename": "change_user"}}, {"model": "auth.permission", "pk": 12, "fields": {"name": "Can delete user", "content_type": 4, "codename": "delete_user"}}, {"model": "auth.permission", "pk": 13, "fields": {"name": "Can add content type", "content_type": 5, "codename": "add_contenttype"}}, {"model": "auth.permission", "pk": 14, "fields": {"name": "Can change content type", "content_type": 5, "codename": "change_contenttype"}}, {"model": "auth.permission", "pk": 15, "fields": {"name": "Can delete content type", "content_type": 5, "codename": "delete_contenttype"}}, {"model": "auth.permission", "pk": 16, "fields": {"name": "Can add session", "content_type": 6, "codename": "add_session"}}, {"model": "auth.permission", "pk": 17, "fields": {"name": "Can change session", "content_type": 6, "codename": "change_session"}}, {"model": "auth.permission", "pk": 18, "fields": {"name": "Can delete session", "content_type": 6, "codename": "delete_session"}}, {"model": "auth.permission", "pk": 19, "fields": {"name": "Can add blog type", "content_type": 7, "codename": "add_blogtype"}}, {"model": "auth.permission", "pk": 20, "fields": {"name": "Can change blog type", "content_type": 7, "codename": "change_blogtype"}}, {"model": "auth.permission", "pk": 21, "fields": {"name": "Can delete blog type", "content_type": 7, "codename": "delete_blogtype"}}, {"model": "auth.permission", "pk": 22, "fields": {"name": "Can add blog", "content_type": 8, "codename": "add_blog"}}, {"model": "auth.permission", "pk": 23, "fields": {"name": "Can change blog", "content_type": 8, "codename": "change_blog"}}, {"model": "auth.permission", "pk": 24, "fields": {"name": "Can delete blog", "content_type": 8, "codename": "delete_blog"}}, {"model": "auth.permission", "pk": 25, "fields": {"name": "Can add read num", "content_type": 9, "codename": "add_readnum"}}, {"model": "auth.permission", "pk": 26, "fields": {"name": "Can change read num", "content_type": 9, "codename": "change_readnum"}}, {"model": "auth.permission", "pk": 27, "fields": {"name": "Can delete read num", "content_type": 9, "codename": "delete_readnum"}}, {"model": "auth.permission", "pk": 28, "fields": {"name": "Can add read num", "content_type": 10, "codename": "add_readnum"}}, {"model": "auth.permission", "pk": 29, "fields": {"name": "Can change read num", "content_type": 10, "codename": "change_readnum"}}, {"model": "auth.permission", "pk": 30, "fields": {"name": "Can delete read num", "content_type": 10, "codename": "delete_readnum"}}, {"model": "auth.permission", "pk": 31, "fields": {"name": "Can add read detail", "content_type": 11, "codename": "add_readdetail"}}, {"model": "auth.permission", "pk": 32, "fields": {"name": "Can change read detail", "content_type": 11, "codename": "change_readdetail"}}, {"model": "auth.permission", "pk": 33, "fields": {"name": "Can delete read detail", "content_type": 11, "codename": "delete_readdetail"}}, {"model": "auth.permission", "pk": 34, "fields": {"name": "Can add comment", "content_type": 12, "codename": "add_comment"}}, {"model": "auth.permission", "pk": 35, "fields": {"name": "Can change comment", "content_type": 12, "codename": "change_comment"}}, {"model": "auth.permission", "pk": 36, "fields": {"name": "Can delete comment", "content_type": 12, "codename": "delete_comment"}}, {"model": "auth.permission", "pk": 37, "fields": {"name": "Can add like count", "content_type": 13, "codename": "add_likecount"}}, {"model": "auth.permission", "pk": 38, "fields": {"name": "Can change like count", "content_type": 13, "codename": "change_likecount"}}, {"model": "auth.permission", "pk": 39, "fields": {"name": "Can delete like count", "content_type": 13, "codename": "delete_likecount"}}, {"model": "auth.permission", "pk": 40, "fields": {"name": "Can add like record", "content_type": 14, "codename": "add_likerecord"}}, {"model": "auth.permission", "pk": 41, "fields": {"name": "Can change like record", "content_type": 14, "codename": "change_likerecord"}}, {"model": "auth.permission", "pk": 42, "fields": {"name": "Can delete like record", "content_type": 14, "codename": "delete_likerecord"}}, {"model": "auth.permission", "pk": 43, "fields": {"name": "Can add profile", "content_type": 15, "codename": "add_profile"}}, {"model": "auth.permission", "pk": 44, "fields": {"name": "Can change profile", "content_type": 15, "codename": "change_profile"}}, {"model": "auth.permission", "pk": 45, "fields": {"name": "Can delete profile", "content_type": 15, "codename": "delete_profile"}}, {"model": "auth.user", "pk": 1, "fields": {"password": "pbkdf2_sha256$100000$OLxqUvFgE9mB$QEeGZiIdSz4MqTCDM4SRWGkZdH5W4kJumX+BHupL9kI=", "last_login": "2018-07-08T20:55:53.687Z", "is_superuser": true, "username": "dp", "first_name": "", "last_name": "", "email": "1826339495@qq.com", "is_staff": true, "is_active": true, "date_joined": "2018-02-05T15:40:00Z", "groups": [], "user_permissions": []}}, {"model": "auth.user", "pk": 5, "fields": {"password": "pbkdf2_sha256$100000$9aijzKee2jQn$XoUC6TNhj85XFHdUliNhqvPCe6qbguNb3KjjRirXBeo=", "last_login": "2018-04-07T08:37:18.035Z", "is_superuser": false, "username": "test", "first_name": "", "last_name": "", "email": "test@test.com", "is_staff": false, "is_active": true, "date_joined": "2018-04-07T08:37:17.783Z", "groups": [], "user_permissions": []}}, {"model": "auth.user", "pk": 6, "fields": {"password": "pbkdf2_sha256$100000$RMrBWsGUlbwV$QGfQCyH22TUYzN7n8E4R3Jx0cyV0WbI60dKa7gsCXDM=", "last_login": "2018-06-28T15:02:07.855Z", "is_superuser": false, "username": "tester", "first_name": "", "last_name": "", "email": "answer_dp@163.com", "is_staff": false, "is_active": true, "date_joined": "2018-06-16T05:28:03.073Z", "groups": [], "user_permissions": []}}, {"model": "blog.blog", "pk": 1, "fields": {"title": "\u7b2c\u4e00\u7bc7\u535a\u5ba2", "blog_type": 2, "content": "123", "author": 1, "readed_num": 0, "create_time": "2018-02-05T16:22:54.084Z", "last_updated_time": "2018-02-05T16:22:54.084Z"}}, {"model": "blog.blog", "pk": 2, "fields": {"title": "\u7b2c\u4e8c\u7bc7\u535a\u5ba2", "blog_type": 2, "content": "test", "author": 1, "readed_num": 0, "create_time": "2018-02-06T14:10:26.094Z", "last_updated_time": "2018-02-06T14:10:26.094Z"}}, {"model": "blog.blog", "pk": 3, "fields": {"title": "\u957f\u5185\u5bb9\u7684\u535a\u5ba2", "blog_type": 2, "content": "<h2>\u6807\u9898</h2>\r\n\r\n<p>\u957f<span style=\"color:#1abc9c\">\u5185\u5bb9</span>\u957f\u5185\u5bb9\u957f\u5185\u5bb9\u957f\u5185\u5bb9\u957f<strong>\u5185\u5bb9\u957f\u5185\u5bb9\u957f\u5185\u5bb9\u957f</strong></p>\r\n\r\n<p><strong><img alt=\"\" src=\"/media/upload/2018/03/12/xowfxj.jpg\" style=\"height:180px; width:180px\" /></strong><br />\r\n<span style=\"background-color:#f39c12\">\u5185\u5bb9\u957f\u5185\u5bb9\u957f\u5185\u5bb9\u957f</span></p>", "author": 1, "readed_num": 0, "create_time": "2018-02-06T14:22:35.012Z", "last_updated_time": "2018-03-12T16:15:11.085Z"}}, {"model": "blog.blog", "pk": 4, "fields": {"title": "Django1", "blog_type": 1, "content": "test", "author": 1, "readed_num": 0, "create_time": "2018-02-06T15:16:58.984Z", "last_updated_time": "2018-02-06T15:16:58.984Z"}}, {"model": "blog.blog", "pk": 5, "fields": {"title": "shell\u4e0b\u7b2c1\u7bc7", "blog_type": 1, "content": "\u6211\u662f\u5728shell\u6a21\u5f0f\u4e2d\u6dfb\u52a0\u7684", "author": 1, "readed_num": 0, "create_time": "2018-02-23T13:23:18.225Z", "last_updated_time": "2018-02-23T13:23:18.225Z"}}, {"model": "blog.blog", "pk": 6, "fields": {"title": "\u6279\u91cf\u6dfb\u52a0\u7b2c1\u7bc7", "blog_type": 1, "content": "\u6211\u662f\u6279\u91cf\u6dfb\u52a0\u7684\u7b2c1\u7bc7", "author": 1, "readed_num": 0, "create_time": "2018-02-23T13:44:18.972Z", "last_updated_time": "2018-02-23T13:44:18.972Z"}}, {"model": "blog.blog", "pk": 7, "fields": {"title": "\u6279\u91cf\u6dfb\u52a0\u7b2c2\u7bc7", "blog_type": 1, "content": "\u6211\u662f\u6279\u91cf\u6dfb\u52a0\u7684\u7b2c2\u7bc7", "author": 1, "readed_num": 0, "create_time": "2018-02-23T13:44:18.976Z", "last_updated_time": "2018-02-23T13:44:18.976Z"}}, {"model": "blog.blog", "pk": 8, "fields": {"title": "\u6279\u91cf\u6dfb\u52a0\u7b2c3\u7bc7", "blog_type": 1, "content": "\u6211\u662f\u6279\u91cf\u6dfb\u52a0\u7684\u7b2c3\u7bc7", "author": 1, "readed_num": 0, "create_time": "2018-02-23T13:44:18.978Z", "last_updated_time": "2018-02-23T13:44:18.978Z"}}, {"model": "blog.blog", "pk": 9, "fields": {"title": "\u6279\u91cf\u6dfb\u52a0\u7b2c4\u7bc7", "blog_type": 1, "content": "\u6211\u662f\u6279\u91cf\u6dfb\u52a0\u7684\u7b2c4\u7bc7", "author": 1, "readed_num": 0, "create_time": "2018-02-23T13:44:18.980Z", "last_updated_time": "2018-02-23T13:44:18.980Z"}}, {"model": "blog.blog", "pk": 10, "fields": {"title": "\u6279\u91cf\u6dfb\u52a0\u7b2c5\u7bc7", "blog_type": 1, "content": "\u6211\u662f\u6279\u91cf\u6dfb\u52a0\u7684\u7b2c5\u7bc7", "author": 1, "readed_num": 0, "create_time": "2018-02-23T13:44:18.985Z", "last_updated_time": "2018-02-23T13:44:18.985Z"}}, {"model": "blog.blog", "pk": 11, "fields": {"title": "\u6279\u91cf\u6dfb\u52a0\u7b2c6\u7bc7", "blog_type": 1, "content": "\u6211\u662f\u6279\u91cf\u6dfb\u52a0\u7684\u7b2c6\u7bc7", "author": 1, "readed_num": 0, "create_time": "2018-02-23T13:44:18.987Z", "last_updated_time": "2018-02-23T13:44:18.987Z"}}, {"model": "blog.blog", "pk": 12, "fields": {"title": "\u6279\u91cf\u6dfb\u52a0\u7b2c7\u7bc7", "blog_type": 1, "content": "\u6211\u662f\u6279\u91cf\u6dfb\u52a0\u7684\u7b2c7\u7bc7", "author": 1, "readed_num": 0, "create_time": "2018-02-23T13:44:18.990Z", "last_updated_time": "2018-02-23T13:44:18.990Z"}}, {"model": "blog.blog", "pk": 13, "fields": {"title": "\u6279\u91cf\u6dfb\u52a0\u7b2c8\u7bc7", "blog_type": 1, "content": "\u6211\u662f\u6279\u91cf\u6dfb\u52a0\u7684\u7b2c8\u7bc7", "author": 1, "readed_num": 0, "create_time": "2018-02-23T13:44:18.992Z", "last_updated_time": "2018-02-23T13:44:18.992Z"}}, {"model": "blog.blog", "pk": 14, "fields": {"title": "\u6279\u91cf\u6dfb\u52a0\u7b2c9\u7bc7", "blog_type": 1, "content": "\u6211\u662f\u6279\u91cf\u6dfb\u52a0\u7684\u7b2c9\u7bc7", "author": 1, "readed_num": 0, "create_time": "2018-02-23T13:44:18.994Z", "last_updated_time": "2018-02-23T13:44:18.994Z"}}, {"model": "blog.blog", "pk": 15, "fields": {"title": "\u6279\u91cf\u6dfb\u52a0\u7b2c10\u7bc7", "blog_type": 1, "content": "\u6211\u662f\u6279\u91cf\u6dfb\u52a0\u7684\u7b2c10\u7bc7", "author": 1, "readed_num": 0, "create_time": "2018-02-23T13:44:18.996Z", "last_updated_time": "2018-02-23T13:44:18.996Z"}}, {"model": "blog.blog", "pk": 16, "fields": {"title": "\u6279\u91cf\u6dfb\u52a0\u7b2c11\u7bc7", "blog_type": 1, "content": "\u6211\u662f\u6279\u91cf\u6dfb\u52a0\u7684\u7b2c11\u7bc7", "author": 1, "readed_num": 0, "create_time": "2018-02-23T13:44:18.997Z", "last_updated_time": "2018-02-23T13:44:18.997Z"}}, {"model": "blog.blog", "pk": 17, "fields": {"title": "\u6279\u91cf\u6dfb\u52a0\u7b2c12\u7bc7", "blog_type": 1, "content": "\u6211\u662f\u6279\u91cf\u6dfb\u52a0\u7684\u7b2c12\u7bc7", "author": 1, "readed_num": 0, "create_time": "2018-02-23T13:44:18.999Z", "last_updated_time": "2018-02-23T13:44:18.999Z"}}, {"model": "blog.blog", "pk": 18, "fields": {"title": "\u6279\u91cf\u6dfb\u52a0\u7b2c13\u7bc7", "blog_type": 1, "content": "\u6211\u662f\u6279\u91cf\u6dfb\u52a0\u7684\u7b2c13\u7bc7", "author": 1, "readed_num": 0, "create_time": "2018-02-23T13:44:19.000Z", "last_updated_time": "2018-02-23T13:44:19.000Z"}}, {"model": "blog.blog", "pk": 19, "fields": {"title": "\u6279\u91cf\u6dfb\u52a0\u7b2c14\u7bc7", "blog_type": 1, "content": "\u6211\u662f\u6279\u91cf\u6dfb\u52a0\u7684\u7b2c14\u7bc7", "author": 1, "readed_num": 0, "create_time": "2018-02-23T13:44:19.002Z", "last_updated_time": "2018-02-23T13:44:19.002Z"}}, {"model": "blog.blog", "pk": 20, "fields": {"title": "\u6279\u91cf\u6dfb\u52a0\u7b2c15\u7bc7", "blog_type": 1, "content": "\u6211\u662f\u6279\u91cf\u6dfb\u52a0\u7684\u7b2c15\u7bc7", "author": 1, "readed_num": 0, "create_time": "2018-02-23T13:44:19.003Z", "last_updated_time": "2018-02-23T13:44:19.003Z"}}, {"model": "blog.blog", "pk": 21, "fields": {"title": "\u6279\u91cf\u6dfb\u52a0\u7b2c16\u7bc7", "blog_type": 1, "content": "\u6211\u662f\u6279\u91cf\u6dfb\u52a0\u7684\u7b2c16\u7bc7", "author": 1, "readed_num": 0, "create_time": "2018-02-23T13:44:19.005Z", "last_updated_time": "2018-02-23T13:44:19.005Z"}}, {"model": "blog.blog", "pk": 22, "fields": {"title": "\u6279\u91cf\u6dfb\u52a0\u7b2c17\u7bc7", "blog_type": 1, "content": "\u6211\u662f\u6279\u91cf\u6dfb\u52a0\u7684\u7b2c17\u7bc7", "author": 1, "readed_num": 0, "create_time": "2018-02-23T13:44:19.007Z", "last_updated_time": "2018-02-23T13:44:19.007Z"}}, {"model": "blog.blog", "pk": 23, "fields": {"title": "\u6279\u91cf\u6dfb\u52a0\u7b2c18\u7bc7", "blog_type": 1, "content": "\u6211\u662f\u6279\u91cf\u6dfb\u52a0\u7684\u7b2c18\u7bc7", "author": 1, "readed_num": 0, "create_time": "2018-02-23T13:44:19.008Z", "last_updated_time": "2018-02-23T13:44:19.008Z"}}, {"model": "blog.blog", "pk": 24, "fields": {"title": "\u6279\u91cf\u6dfb\u52a0\u7b2c19\u7bc7", "blog_type": 1, "content": "\u6211\u662f\u6279\u91cf\u6dfb\u52a0\u7684\u7b2c19\u7bc7", "author": 1, "readed_num": 0, "create_time": "2018-02-23T13:44:19.010Z", "last_updated_time": "2018-02-23T13:44:19.010Z"}}, {"model": "blog.blog", "pk": 25, "fields": {"title": "\u6279\u91cf\u6dfb\u52a0\u7b2c20\u7bc7", "blog_type": 1, "content": "\u6211\u662f\u6279\u91cf\u6dfb\u52a0\u7684\u7b2c20\u7bc7", "author": 1, "readed_num": 0, "create_time": "2018-02-23T13:44:19.012Z", "last_updated_time": "2018-02-23T13:44:19.012Z"}}, {"model": "blog.blog", "pk": 26, "fields": {"title": "\u6279\u91cf\u6dfb\u52a0\u7b2c21\u7bc7", "blog_type": 1, "content": "\u6211\u662f\u6279\u91cf\u6dfb\u52a0\u7684\u7b2c21\u7bc7", "author": 1, "readed_num": 0, "create_time": "2018-02-23T13:44:19.016Z", "last_updated_time": "2018-02-23T13:44:19.016Z"}}, {"model": "blog.blog", "pk": 27, "fields": {"title": "\u6279\u91cf\u6dfb\u52a0\u7b2c22\u7bc7", "blog_type": 1, "content": "\u6211\u662f\u6279\u91cf\u6dfb\u52a0\u7684\u7b2c22\u7bc7", "author": 1, "readed_num": 0, "create_time": "2018-02-23T13:44:19.018Z", "last_updated_time": "2018-02-23T13:44:19.018Z"}}, {"model": "blog.blog", "pk": 28, "fields": {"title": "\u6279\u91cf\u6dfb\u52a0\u7b2c23\u7bc7", "blog_type": 1, "content": "\u6211\u662f\u6279\u91cf\u6dfb\u52a0\u7684\u7b2c23\u7bc7", "author": 1, "readed_num": 0, "create_time": "2018-02-23T13:44:19.020Z", "last_updated_time": "2018-02-23T13:44:19.020Z"}}, {"model": "blog.blog", "pk": 29, "fields": {"title": "\u6279\u91cf\u6dfb\u52a0\u7b2c24\u7bc7", "blog_type": 1, "content": "\u6211\u662f\u6279\u91cf\u6dfb\u52a0\u7684\u7b2c24\u7bc7", "author": 1, "readed_num": 0, "create_time": "2018-02-23T13:44:19.022Z", "last_updated_time": "2018-02-23T13:44:19.022Z"}}, {"model": "blog.blog", "pk": 30, "fields": {"title": "\u6279\u91cf\u6dfb\u52a0\u7b2c25\u7bc7", "blog_type": 1, "content": "\u6211\u662f\u6279\u91cf\u6dfb\u52a0\u7684\u7b2c25\u7bc7", "author": 1, "readed_num": 0, "create_time": "2018-02-23T13:44:19.024Z", "last_updated_time": "2018-02-23T13:44:19.024Z"}}, {"model": "blog.blog", "pk": 31, "fields": {"title": "\u6279\u91cf\u6dfb\u52a0\u7b2c26\u7bc7", "blog_type": 1, "content": "\u6211\u662f\u6279\u91cf\u6dfb\u52a0\u7684\u7b2c26\u7bc7", "author": 1, "readed_num": 0, "create_time": "2018-02-23T13:44:19.025Z", "last_updated_time": "2018-02-23T13:44:19.025Z"}}, {"model": "blog.blog", "pk": 32, "fields": {"title": "\u6279\u91cf\u6dfb\u52a0\u7b2c27\u7bc7", "blog_type": 1, "content": "\u6211\u662f\u6279\u91cf\u6dfb\u52a0\u7684\u7b2c27\u7bc7", "author": 1, "readed_num": 0, "create_time": "2018-02-23T13:44:19.027Z", "last_updated_time": "2018-02-23T13:44:19.027Z"}}, {"model": "blog.blog", "pk": 33, "fields": {"title": "\u6279\u91cf\u6dfb\u52a0\u7b2c28\u7bc7", "blog_type": 1, "content": "\u6211\u662f\u6279\u91cf\u6dfb\u52a0\u7684\u7b2c28\u7bc7", "author": 1, "readed_num": 0, "create_time": "2018-02-23T13:44:19.029Z", "last_updated_time": "2018-02-23T13:44:19.029Z"}}, {"model": "blog.blog", "pk": 34, "fields": {"title": "\u6279\u91cf\u6dfb\u52a0\u7b2c29\u7bc7", "blog_type": 1, "content": "\u6211\u662f\u6279\u91cf\u6dfb\u52a0\u7684\u7b2c29\u7bc7", "author": 1, "readed_num": 0, "create_time": "2018-02-23T13:44:19.031Z", "last_updated_time": "2018-02-23T13:44:19.031Z"}}, {"model": "blog.blog", "pk": 35, "fields": {"title": "\u6279\u91cf\u6dfb\u52a0\u7b2c30\u7bc7", "blog_type": 1, "content": "\u6211\u662f\u6279\u91cf\u6dfb\u52a0\u7684\u7b2c30\u7bc7", "author": 1, "readed_num": 1, "create_time": "2018-02-23T13:44:19.032Z", "last_updated_time": "2018-03-14T15:37:28.663Z"}}, {"model": "blog.blog", "pk": 36, "fields": {"title": "3\u6708\u7b2c\u4e00\u7bc7", "blog_type": 2, "content": "3\u6708\u7b2c\u4e00\u7bc7\u535a\u5ba2", "author": 1, "readed_num": 5, "create_time": "2018-03-06T15:55:41.845Z", "last_updated_time": "2018-03-14T15:34:54.759Z"}}, {"model": "comment.comment", "pk": 1, "fields": {"content_type": 8, "object_id": 36, "text": "\u8bc4\u8bbatest 1", "comment_time": "2018-04-06T05:57:20.822Z", "user": 1, "root": null, "parent": null, "reply_to": null}}, {"model": "comment.comment", "pk": 2, "fields": {"content_type": 8, "object_id": 36, "text": "test2", "comment_time": "2018-04-06T05:59:46.427Z", "user": 1, "root": null, "parent": null, "reply_to": null}}, {"model": "comment.comment", "pk": 3, "fields": {"content_type": 8, "object_id": 34, "text": "test", "comment_time": "2018-04-06T06:42:58.220Z", "user": 1, "root": null, "parent": null, "reply_to": null}}, {"model": "comment.comment", "pk": 4, "fields": {"content_type": 8, "object_id": 36, "text": "test", "comment_time": "2018-04-07T08:37:31.955Z", "user": 5, "root": null, "parent": null, "reply_to": null}}, {"model": "comment.comment", "pk": 5, "fields": {"content_type": 8, "object_id": 36, "text": "test", "comment_time": "2018-04-15T05:22:15.442Z", "user": 1, "root": null, "parent": null, "reply_to": null}}, {"model": "comment.comment", "pk": 6, "fields": {"content_type": 8, "object_id": 36, "text": "<p><img alt=\"laugh\" height=\"23\" src=\"http://localhost:8000/static/ckeditor/ckeditor/plugins/smiley/images/teeth_smile.png\" title=\"laugh\" width=\"23\" /></p>", "comment_time": "2018-04-15T06:55:28.963Z", "user": 1, "root": null, "parent": null, "reply_to": null}}, {"model": "comment.comment", "pk": 7, "fields": {"content_type": 8, "object_id": 36, "text": "<p>test</p>", "comment_time": "2018-04-15T07:38:34.801Z", "user": 1, "root": null, "parent": null, "reply_to": null}}, {"model": "comment.comment", "pk": 8, "fields": {"content_type": 8, "object_id": 36, "text": "<p>test</p>", "comment_time": "2018-04-15T07:39:02.291Z", "user": 1, "root": null, "parent": null, "reply_to": null}}, {"model": "comment.comment", "pk": 9, "fields": {"content_type": 8, "object_id": 36, "text": "<p>test</p>", "comment_time": "2018-04-15T07:39:24.529Z", "user": 1, "root": null, "parent": null, "reply_to": null}}, {"model": "comment.comment", "pk": 10, "fields": {"content_type": 8, "object_id": 36, "text": "<p>ajax</p>", "comment_time": "2018-04-15T07:53:00.720Z", "user": 1, "root": null, "parent": null, "reply_to": null}}, {"model": "comment.comment", "pk": 11, "fields": {"content_type": 8, "object_id": 36, "text": "<p>ajax1</p>", "comment_time": "2018-04-15T07:56:42.804Z", "user": 1, "root": null, "parent": null, "reply_to": null}}, {"model": "comment.comment", "pk": 12, "fields": {"content_type": 8, "object_id": 36, "text": "<p>ajax2</p>", "comment_time": "2018-04-15T08:01:21.788Z", "user": 1, "root": null, "parent": null, "reply_to": null}}, {"model": "comment.comment", "pk": 13, "fields": {"content_type": 8, "object_id": 36, "text": "<p>ajax3</p>", "comment_time": "2018-04-15T08:02:30.322Z", "user": 1, "root": null, "parent": null, "reply_to": null}}, {"model": "comment.comment", "pk": 14, "fields": {"content_type": 8, "object_id": 36, "text": "<p>ajax4</p>", "comment_time": "2018-04-15T08:03:51.297Z", "user": 1, "root": null, "parent": null, "reply_to": null}}, {"model": "comment.comment", "pk": 15, "fields": {"content_type": 8, "object_id": 36, "text": "<p>ajax5</p>", "comment_time": "2018-04-15T08:06:43.131Z", "user": 1, "root": null, "parent": null, "reply_to": null}}, {"model": "comment.comment", "pk": 16, "fields": {"content_type": 8, "object_id": 36, "text": "<p>ajax6</p>", "comment_time": "2018-04-15T08:08:16.062Z", "user": 1, "root": null, "parent": null, "reply_to": null}}, {"model": "comment.comment", "pk": 17, "fields": {"content_type": 8, "object_id": 36, "text": "<p><img alt=\"laugh\" height=\"23\" src=\"http://localhost:8000/static/ckeditor/ckeditor/plugins/smiley/images/teeth_smile.png\" title=\"laugh\" width=\"23\" /></p>", "comment_time": "2018-04-15T08:56:52.917Z", "user": 1, "root": null, "parent": null, "reply_to": null}}, {"model": "comment.comment", "pk": 18, "fields": {"content_type": 8, "object_id": 36, "text": "\u6811", "comment_time": "2018-04-19T13:36:16.004Z", "user": 5, "root": 1, "parent": 1, "reply_to": 1}}, {"model": "comment.comment", "pk": 19, "fields": {"content_type": 8, "object_id": 36, "text": "<p>\u65701</p>", "comment_time": "2018-04-21T06:04:09.996Z", "user": 1, "root": 1, "parent": 18, "reply_to": 5}}, {"model": "comment.comment", "pk": 20, "fields": {"content_type": 8, "object_id": 36, "text": "<p>\u6811</p>", "comment_time": "2018-04-21T06:05:22.651Z", "user": 1, "root": 2, "parent": 2, "reply_to": 1}}, {"model": "comment.comment", "pk": 21, "fields": {"content_type": 8, "object_id": 36, "text": "<p>\u8bc4\u8bba</p>", "comment_time": "2018-04-21T07:11:27.060Z", "user": 1, "root": null, "parent": null, "reply_to": null}}, {"model": "comment.comment", "pk": 22, "fields": {"content_type": 8, "object_id": 36, "text": "<p>\u56de\u590d</p>", "comment_time": "2018-04-21T07:11:55.019Z", "user": 1, "root": 4, "parent": 4, "reply_to": 5}}, {"model": "comment.comment", "pk": 23, "fields": {"content_type": 8, "object_id": 36, "text": "<p>123</p>", "comment_time": "2018-04-21T07:16:12.121Z", "user": 1, "root": null, "parent": null, "reply_to": null}}, {"model": "comment.comment", "pk": 24, "fields": {"content_type": 8, "object_id": 36, "text": "<p>123</p>", "comment_time": "2018-04-21T07:27:57.625Z", "user": 1, "root": null, "parent": null, "reply_to": null}}, {"model": "comment.comment", "pk": 25, "fields": {"content_type": 8, "object_id": 36, "text": "<p>123</p>", "comment_time": "2018-04-21T07:33:52.930Z", "user": 1, "root": null, "parent": null, "reply_to": null}}, {"model": "comment.comment", "pk": 26, "fields": {"content_type": 8, "object_id": 36, "text": "<p>456</p>", "comment_time": "2018-04-21T07:44:35.290Z", "user": 1, "root": null, "parent": null, "reply_to": null}}, {"model": "comment.comment", "pk": 27, "fields": {"content_type": 8, "object_id": 36, "text": "<p>456</p>", "comment_time": "2018-04-21T07:46:19.724Z", "user": 1, "root": 25, "parent": 25, "reply_to": 1}}, {"model": "comment.comment", "pk": 28, "fields": {"content_type": 8, "object_id": 36, "text": "<p>789</p>", "comment_time": "2018-04-21T07:50:29.072Z", "user": 1, "root": 26, "parent": 26, "reply_to": 1}}, {"model": "comment.comment", "pk": 29, "fields": {"content_type": 8, "object_id": 36, "text": "<p>899</p>", "comment_time": "2018-04-21T07:51:35.166Z", "user": 1, "root": 26, "parent": 28, "reply_to": 1}}, {"model": "comment.comment", "pk": 30, "fields": {"content_type": 8, "object_id": 35, "text": "<p>123</p>", "comment_time": "2018-04-22T02:35:54.038Z", "user": 1, "root": null, "parent": null, "reply_to": null}}, {"model": "comment.comment", "pk": 31, "fields": {"content_type": 8, "object_id": 35, "text": "<p>456</p>", "comment_time": "2018-04-22T02:53:35.087Z", "user": 1, "root": null, "parent": null, "reply_to": null}}, {"model": "comment.comment", "pk": 32, "fields": {"content_type": 8, "object_id": 35, "text": "<p>789</p>", "comment_time": "2018-04-22T02:54:11.927Z", "user": 1, "root": 31, "parent": 31, "reply_to": 1}}, {"model": "comment.comment", "pk": 33, "fields": {"content_type": 8, "object_id": 34, "text": "<p>123</p>", "comment_time": "2018-04-22T03:30:19.239Z", "user": 1, "root": null, "parent": null, "reply_to": null}}, {"model": "comment.comment", "pk": 34, "fields": {"content_type": 8, "object_id": 34, "text": "<p>456</p>", "comment_time": "2018-04-22T03:38:26.075Z", "user": 1, "root": 33, "parent": 33, "reply_to": 1}}, {"model": "comment.comment", "pk": 35, "fields": {"content_type": 8, "object_id": 35, "text": "<p>111</p>", "comment_time": "2018-05-19T04:08:37.929Z", "user": 1, "root": null, "parent": null, "reply_to": null}}, {"model": "comment.comment", "pk": 36, "fields": {"content_type": 8, "object_id": 35, "text": "<p>222</p>", "comment_time": "2018-05-19T04:08:47.428Z", "user": 1, "root": 35, "parent": 35, "reply_to": 1}}, {"model": "comment.comment", "pk": 37, "fields": {"content_type": 8, "object_id": 36, "text": "<p>\u8bc4\u8bba\u901a\u77e5\u6d4b\u8bd5</p>", "comment_time": "2018-06-28T15:03:05.825Z", "user": 6, "root": null, "parent": null, "reply_to": null}}, {"model": "comment.comment", "pk": 38, "fields": {"content_type": 8, "object_id": 36, "text": "<p>\u8bc4\u8bba\u901a\u77e5\u6d4b\u8bd5</p>", "comment_time": "2018-06-28T15:08:06.089Z", "user": 6, "root": 26, "parent": 26, "reply_to": 1}}, {"model": "comment.comment", "pk": 39, "fields": {"content_type": 8, "object_id": 36, "text": "<p>\u56de\u590d\u8bc4\u8bba\u901a\u77e5\u6d4b\u8bd5</p>", "comment_time": "2018-06-28T15:12:27.529Z", "user": 6, "root": 26, "parent": 26, "reply_to": 1}}, {"model": "comment.comment", "pk": 40, "fields": {"content_type": 8, "object_id": 36, "text": "<p>\u56de\u590d\u8bc4\u8bba\u901a\u77e5\u6d4b\u8bd5</p>", "comment_time": "2018-06-28T15:12:30.154Z", "user": 6, "root": 26, "parent": 26, "reply_to": 1}}, {"model": "comment.comment", "pk": 41, "fields": {"content_type": 8, "object_id": 36, "text": "<p>\u56de\u590d\u8bc4\u8bba\u901a\u77e5\u6d4b\u8bd5</p>", "comment_time": "2018-06-28T15:12:36.337Z", "user": 6, "root": 26, "parent": 26, "reply_to": 1}}, {"model": "comment.comment", "pk": 42, "fields": {"content_type": 8, "object_id": 36, "text": "<p>\u56de\u590d\u8bc4\u8bba\u901a\u77e5\u6d4b\u8bd5</p>", "comment_time": "2018-06-28T15:12:38.768Z", "user": 6, "root": 26, "parent": 26, "reply_to": 1}}, {"model": "comment.comment", "pk": 43, "fields": {"content_type": 8, "object_id": 36, "text": "<p>\u56de\u590d\u8bc4\u8bba\u901a\u77e5\u6d4b\u8bd5</p>", "comment_time": "2018-06-28T15:12:58.700Z", "user": 6, "root": 24, "parent": 24, "reply_to": 1}}, {"model": "comment.comment", "pk": 44, "fields": {"content_type": 8, "object_id": 36, "text": "<p>\u8bc4\u8bba\u535a\u5ba2\u53d1\u9001\u90ae\u4ef6\u6d4b\u8bd5</p>", "comment_time": "2018-06-28T15:30:05.956Z", "user": 1, "root": null, "parent": null, "reply_to": null}}, {"model": "comment.comment", "pk": 45, "fields": {"content_type": 8, "object_id": 36, "text": "<p>\u8bc4\u8bba\u535a\u5ba2\u53d1\u9001\u90ae\u4ef6\u6d4b\u8bd5</p>", "comment_time": "2018-06-28T15:30:10.730Z", "user": 1, "root": null, "parent": null, "reply_to": null}}, {"model": "comment.comment", "pk": 46, "fields": {"content_type": 8, "object_id": 36, "text": "<p>\u8bc4\u8bba\u535a\u5ba2\u53d1\u9001\u90ae\u4ef6\u6d4b\u8bd5</p>", "comment_time": "2018-06-28T15:30:13.335Z", "user": 1, "root": null, "parent": null, "reply_to": null}}, {"model": "comment.comment", "pk": 47, "fields": {"content_type": 8, "object_id": 36, "text": "<p>\u8bc4\u8bba\u535a\u5ba2\u53d1\u9001\u90ae\u4ef6\u6d4b\u8bd5</p>", "comment_time": "2018-06-28T15:33:36.809Z", "user": 1, "root": null, "parent": null, "reply_to": null}}, {"model": "comment.comment", "pk": 48, "fields": {"content_type": 8, "object_id": 36, "text": "<p>\u8bc4\u8bba\u6d4b\u8bd5</p>", "comment_time": "2018-06-28T15:34:24.801Z", "user": 1, "root": null, "parent": null, "reply_to": null}}, {"model": "comment.comment", "pk": 49, "fields": {"content_type": 8, "object_id": 36, "text": "<p>\u8bc4\u8bba\u6d4b\u8bd5</p>", "comment_time": "2018-06-28T15:36:41.280Z", "user": 1, "root": null, "parent": null, "reply_to": null}}, {"model": "comment.comment", "pk": 50, "fields": {"content_type": 8, "object_id": 36, "text": "<p>\u8bc4\u8bba\u6d4b\u8bd5</p>", "comment_time": "2018-06-28T15:37:41.994Z", "user": 1, "root": null, "parent": null, "reply_to": null}}, {"model": "comment.comment", "pk": 51, "fields": {"content_type": 8, "object_id": 36, "text": "<p>\u8bc4\u8bba\u6d4b\u8bd5</p>", "comment_time": "2018-06-28T15:37:42.861Z", "user": 1, "root": null, "parent": null, "reply_to": null}}, {"model": "comment.comment", "pk": 52, "fields": {"content_type": 8, "object_id": 36, "text": "<p>\u8bc4\u8bba\u6d4b\u8bd5</p>", "comment_time": "2018-06-28T15:37:43.084Z", "user": 1, "root": null, "parent": null, "reply_to": null}}, {"model": "comment.comment", "pk": 53, "fields": {"content_type": 8, "object_id": 36, "text": "<p>\u8bc4\u8bba\u6d4b\u8bd5</p>", "comment_time": "2018-06-28T15:37:43.308Z", "user": 1, "root": null, "parent": null, "reply_to": null}}, {"model": "comment.comment", "pk": 54, "fields": {"content_type": 8, "object_id": 36, "text": "<p>\u8bc4\u8bba\u6d4b\u8bd5</p>", "comment_time": "2018-06-28T15:37:43.534Z", "user": 1, "root": null, "parent": null, "reply_to": null}}, {"model": "comment.comment", "pk": 55, "fields": {"content_type": 8, "object_id": 36, "text": "<p>\u8bc4\u8bba\u6d4b\u8bd5</p>", "comment_time": "2018-06-28T15:37:43.749Z", "user": 1, "root": null, "parent": null, "reply_to": null}}, {"model": "comment.comment", "pk": 56, "fields": {"content_type": 8, "object_id": 36, "text": "<p>\u8bc4\u8bba\u6d4b\u8bd5</p>", "comment_time": "2018-06-28T15:38:12.035Z", "user": 1, "root": null, "parent": null, "reply_to": null}}, {"model": "comment.comment", "pk": 57, "fields": {"content_type": 8, "object_id": 36, "text": "<p>\u8bc4\u8bba\u6d4b\u8bd5</p>", "comment_time": "2018-06-28T15:38:12.898Z", "user": 1, "root": null, "parent": null, "reply_to": null}}, {"model": "comment.comment", "pk": 58, "fields": {"content_type": 8, "object_id": 36, "text": "<p>\u8bc4\u8bba\u6d4b\u8bd5</p>", "comment_time": "2018-06-28T15:38:13.118Z", "user": 1, "root": null, "parent": null, "reply_to": null}}, {"model": "comment.comment", "pk": 59, "fields": {"content_type": 8, "object_id": 36, "text": "<p>\u8bc4\u8bba\u6d4b\u8bd5</p>", "comment_time": "2018-06-28T15:38:13.344Z", "user": 1, "root": null, "parent": null, "reply_to": null}}, {"model": "comment.comment", "pk": 60, "fields": {"content_type": 8, "object_id": 36, "text": "<p>\u8bc4\u8bba\u6d4b\u8bd5</p>", "comment_time": "2018-06-28T15:43:32.285Z", "user": 1, "root": null, "parent": null, "reply_to": null}}, {"model": "comment.comment", "pk": 61, "fields": {"content_type": 8, "object_id": 36, "text": "<p>\u8bc4\u8bba\u53d1\u9001\u90ae\u4ef6\u6d4b\u8bd5</p>", "comment_time": "2018-07-08T20:56:36.825Z", "user": 1, "root": null, "parent": null, "reply_to": null}}, {"model": "comment.comment", "pk": 62, "fields": {"content_type": 8, "object_id": 36, "text": "<p>\u56de\u590d\u8bc4\u8bba\u53d1\u9001\u90ae\u4ef6\u6d4b\u8bd5</p>", "comment_time": "2018-07-08T20:58:26.449Z", "user": 1, "root": 61, "parent": 61, "reply_to": 1}}, {"model": "comment.comment", "pk": 63, "fields": {"content_type": 8, "object_id": 36, "text": "<p>\u56de\u590d\u8bc4\u8bba\u53d1\u9001\u90ae\u4ef6\u6d4b\u8bd5</p>", "comment_time": "2018-07-08T20:59:17.577Z", "user": 1, "root": 61, "parent": 61, "reply_to": 1}}, {"model": "comment.comment", "pk": 64, "fields": {"content_type": 8, "object_id": 36, "text": "<p>\u56de\u590d\u8bc4\u8bba\u53d1\u9001\u90ae\u4ef6\u6d4b\u8bd5</p>", "comment_time": "2018-07-08T20:59:21.836Z", "user": 1, "root": 61, "parent": 61, "reply_to": 1}}, {"model": "comment.comment", "pk": 65, "fields": {"content_type": 8, "object_id": 36, "text": "<p>\u56de\u590d\u8bc4\u8bba\u53d1\u9001\u90ae\u4ef6\u6d4b\u8bd5</p>", "comment_time": "2018-07-08T20:59:59.207Z", "user": 1, "root": 61, "parent": 61, "reply_to": 1}}, {"model": "comment.comment", "pk": 66, "fields": {"content_type": 8, "object_id": 36, "text": "<p>\u56de\u590d\u8bc4\u8bba\u53d1\u9001\u90ae\u4ef6\u6d4b\u8bd5</p>", "comment_time": "2018-07-08T21:01:12.020Z", "user": 1, "root": 61, "parent": 61, "reply_to": 1}}, {"model": "comment.comment", "pk": 67, "fields": {"content_type": 8, "object_id": 35, "text": "<p>\u591a\u7ebf\u7a0b\u53d1\u9001\u90ae\u4ef6\u901a\u77e5</p>", "comment_time": "2018-07-08T21:21:40.286Z", "user": 1, "root": null, "parent": null, "reply_to": null}}, {"model": "comment.comment", "pk": 68, "fields": {"content_type": 8, "object_id": 35, "text": "<p>\u591a\u7ebf\u7a0b\u56de\u590d\u8bc4\u8bba\u53d1\u9001\u90ae\u4ef6\u901a\u77e5</p>", "comment_time": "2018-07-08T21:26:22.574Z", "user": 1, "root": 67, "parent": 67, "reply_to": 1}}, {"model": "comment.comment", "pk": 69, "fields": {"content_type": 8, "object_id": 35, "text": "<p>html\u90ae\u4ef6\u6d4b\u8bd5</p>", "comment_time": "2018-07-08T21:34:17.915Z", "user": 1, "root": null, "parent": null, "reply_to": null}}, {"model": "comment.comment", "pk": 70, "fields": {"content_type": 8, "object_id": 35, "text": "<p>utf-8</p>", "comment_time": "2018-07-08T21:51:58.679Z", "user": 1, "root": null, "parent": null, "reply_to": null}}, {"model": "likes.likerecord", "pk": 13, "fields": {"content_type": 12, "object_id": 29, "user": 1, "liked_time": "2018-04-29T08:31:42.237Z"}}, {"model": "likes.likerecord", "pk": 14, "fields": {"content_type": 8, "object_id": 36, "user": 1, "liked_time": "2018-04-29T08:35:13.370Z"}}, {"model": "likes.likerecord", "pk": 15, "fields": {"content_type": 8, "object_id": 35, "user": 1, "liked_time": "2018-04-29T08:35:21.534Z"}}, {"model": "likes.likerecord", "pk": 16, "fields": {"content_type": 12, "object_id": 31, "user": 1, "liked_time": "2018-04-29T08:36:45.896Z"}}, {"model": "likes.likerecord", "pk": 17, "fields": {"content_type": 8, "object_id": 34, "user": 1, "liked_time": "2018-04-29T08:36:53.272Z"}}, {"model": "user.profile", "pk": 1, "fields": {"user": 1, "nickname": "\u675c\u670b"}}, {"model": "admin.logentry", "pk": 1, "fields": {"action_time": "2018-02-05T16:12:55.940Z", "user": 1, "content_type": 7, "object_id": "1", "object_repr": "BlogType object (1)", "action_flag": 1, "change_message": "[{\"added\": {}}]"}}, {"model": "admin.logentry", "pk": 2, "fields": {"action_time": "2018-02-05T16:13:08.564Z", "user": 1, "content_type": 7, "object_id": "2", "object_repr": "BlogType object (2)", "action_flag": 1, "change_message": "[{\"added\": {}}]"}}, {"model": "admin.logentry", "pk": 3, "fields": {"action_time": "2018-02-05T16:13:16.136Z", "user": 1, "content_type": 7, "object_id": "3", "object_repr": "BlogType object (3)", "action_flag": 1, "change_message": "[{\"added\": {}}]"}}, {"model": "admin.logentry", "pk": 4, "fields": {"action_time": "2018-02-05T16:22:54.085Z", "user": 1, "content_type": 8, "object_id": "1", "object_repr": "<Blog: \u7b2c\u4e00\u7bc7\u535a\u5ba2>", "action_flag": 1, "change_message": "[{\"added\": {}}]"}}, {"model": "admin.logentry", "pk": 5, "fields": {"action_time": "2018-02-06T14:10:26.096Z", "user": 1, "content_type": 8, "object_id": "2", "object_repr": "<Blog: \u7b2c\u4e8c\u7bc7\u535a\u5ba2>", "action_flag": 1, "change_message": "[{\"added\": {}}]"}}, {"model": "admin.logentry", "pk": 6, "fields": {"action_time": "2018-02-06T14:22:35.013Z", "user": 1, "content_type": 8, "object_id": "3", "object_repr": "<Blog: \u957f\u5185\u5bb9\u7684\u535a\u5ba2>", "action_flag": 1, "change_message": "[{\"added\": {}}]"}}, {"model": "admin.logentry", "pk": 7, "fields": {"action_time": "2018-02-06T15:16:58.985Z", "user": 1, "content_type": 8, "object_id": "4", "object_repr": "<Blog: Django1>", "action_flag": 1, "change_message": "[{\"added\": {}}]"}}, {"model": "admin.logentry", "pk": 8, "fields": {"action_time": "2018-03-06T15:55:41.847Z", "user": 1, "content_type": 8, "object_id": "36", "object_repr": "<Blog: 3\u6708\u7b2c\u4e00\u7bc7>", "action_flag": 1, "change_message": "[{\"added\": {}}]"}}, {"model": "admin.logentry", "pk": 9, "fields": {"action_time": "2018-03-12T14:58:03.877Z", "user": 1, "content_type": 8, "object_id": "3", "object_repr": "<Blog: \u957f\u5185\u5bb9\u7684\u535a\u5ba2>", "action_flag": 2, "change_message": "[{\"changed\": {\"fields\": [\"content\"]}}]"}}, {"model": "admin.logentry", "pk": 10, "fields": {"action_time": "2018-03-12T15:40:08.249Z", "user": 1, "content_type": 8, "object_id": "3", "object_repr": "<Blog: \u957f\u5185\u5bb9\u7684\u535a\u5ba2>", "action_flag": 2, "change_message": "[{\"changed\": {\"fields\": [\"content\"]}}]"}}, {"model": "admin.logentry", "pk": 11, "fields": {"action_time": "2018-03-12T16:14:00.686Z", "user": 1, "content_type": 8, "object_id": "3", "object_repr": "<Blog: \u957f\u5185\u5bb9\u7684\u535a\u5ba2>", "action_flag": 2, "change_message": "[{\"changed\": {\"fields\": [\"content\"]}}]"}}, {"model": "admin.logentry", "pk": 12, "fields": {"action_time": "2018-03-12T16:15:11.086Z", "user": 1, "content_type": 8, "object_id": "3", "object_repr": "<Blog: \u957f\u5185\u5bb9\u7684\u535a\u5ba2>", "action_flag": 2, "change_message": "[]"}}, {"model": "admin.logentry", "pk": 13, "fields": {"action_time": "2018-03-25T02:49:46.392Z", "user": 1, "content_type": 9, "object_id": "1", "object_repr": "ReadNum object (1)", "action_flag": 1, "change_message": "[{\"added\": {}}]"}}, {"model": "admin.logentry", "pk": 14, "fields": {"action_time": "2018-03-25T07:57:59.453Z", "user": 1, "content_type": 10, "object_id": "1", "object_repr": "ReadNum object (1)", "action_flag": 1, "change_message": "[{\"added\": {}}]"}}, {"model": "admin.logentry", "pk": 15, "fields": {"action_time": "2018-03-26T14:26:59.386Z", "user": 1, "content_type": 11, "object_id": "1", "object_repr": "ReadDetail object (1)", "action_flag": 1, "change_message": "[{\"added\": {}}]"}}, {"model": "admin.logentry", "pk": 16, "fields": {"action_time": "2018-04-07T08:20:42.869Z", "user": 1, "content_type": 4, "object_id": "2", "object_repr": "111", "action_flag": 3, "change_message": ""}}, {"model": "admin.logentry", "pk": 17, "fields": {"action_time": "2018-04-07T08:22:38.380Z", "user": 1, "content_type": 4, "object_id": "3", "object_repr": "111", "action_flag": 3, "change_message": ""}}, {"model": "admin.logentry", "pk": 18, "fields": {"action_time": "2018-04-07T08:29:58.383Z", "user": 1, "content_type": 4, "object_id": "4", "object_repr": "test1", "action_flag": 3, "change_message": ""}}, {"model": "admin.logentry", "pk": 19, "fields": {"action_time": "2018-04-07T08:38:50.862Z", "user": 1, "content_type": 4, "object_id": "5", "object_repr": "test", "action_flag": 3, "change_message": ""}}, {"model": "admin.logentry", "pk": 20, "fields": {"action_time": "2018-04-07T08:39:11.857Z", "user": 1, "content_type": 4, "object_id": "5", "object_repr": "test", "action_flag": 3, "change_message": ""}}, {"model": "admin.logentry", "pk": 21, "fields": {"action_time": "2018-04-07T08:40:19.442Z", "user": 1, "content_type": 4, "object_id": "5", "object_repr": "test", "action_flag": 3, "change_message": ""}}, {"model": "admin.logentry", "pk": 22, "fields": {"action_time": "2018-04-19T13:36:16.005Z", "user": 1, "content_type": 12, "object_id": "18", "object_repr": "Comment object (18)", "action_flag": 1, "change_message": "[{\"added\": {}}]"}}, {"model": "admin.logentry", "pk": 23, "fields": {"action_time": "2018-04-19T13:48:16.010Z", "user": 1, "content_type": 12, "object_id": "18", "object_repr": "\u6811", "action_flag": 2, "change_message": "[{\"changed\": {\"fields\": [\"parent\"]}}]"}}, {"model": "admin.logentry", "pk": 24, "fields": {"action_time": "2018-04-19T14:18:55.309Z", "user": 1, "content_type": 12, "object_id": "18", "object_repr": "\u6811", "action_flag": 2, "change_message": "[{\"changed\": {\"fields\": [\"root\", \"reply_to\"]}}]"}}, {"model": "admin.logentry", "pk": 25, "fields": {"action_time": "2018-04-19T14:48:28.504Z", "user": 1, "content_type": 12, "object_id": "18", "object_repr": "\u6811", "action_flag": 2, "change_message": "[{\"changed\": {\"fields\": [\"root\", \"parent\"]}}]"}}, {"model": "admin.logentry", "pk": 26, "fields": {"action_time": "2018-04-19T14:54:45.416Z", "user": 1, "content_type": 12, "object_id": "18", "object_repr": "\u6811", "action_flag": 2, "change_message": "[{\"changed\": {\"fields\": [\"root\", \"parent\"]}}]"}}, {"model": "admin.logentry", "pk": 27, "fields": {"action_time": "2018-05-31T14:59:29.086Z", "user": 1, "content_type": 15, "object_id": "1", "object_repr": "<Profile: \u675c\u670b for dp>", "action_flag": 1, "change_message": "[{\"added\": {}}]"}}, {"model": "admin.logentry", "pk": 28, "fields": {"action_time": "2018-06-02T12:49:14.332Z", "user": 1, "content_type": 4, "object_id": "1", "object_repr": "dp", "action_flag": 2, "change_message": "[{\"changed\": {\"fields\": [\"email\", \"last_login\"]}}]"}}]